a_mm,b_mm,c_mm,t_mm,n1,n2,a_ratio,b_ratio,c_ratio,V_outer_mm3,Q_total_W,h_equivalent
135.28,135.28,676.4,1.817,1,0.65,1,1,5,60449600,0.91968142537028,2.87931924544259e-09
134.42,134.42,672.12,1.806,1,0.6,1,1,5,60449600,0.920229091201418,2.87906438987038e-09
