a_mm,b_mm,c_mm,t_mm,n1,n2,a_ratio,b_ratio,c_ratio,V_outer_mm3,Q_total_W,h_equivalent
102.22,102.22,919.94,1.432,0.6,1,1,1,9,60449600,1.02676800477869,2.88318969953734e-09
